Key,Source,Context,Example
Common.Unknown,Something went wrong. Please try again.,,
Common.Confirm,OK,,
Common.Cancel,Cancel,,
Common.Close,Close,,
Common.InDevelopment,Coming soon!,,
Main.Strength,Strength: {value},,value=1.25K
Main.MaxLevel,MAX LEVEL,,
Loot.Title,Loot Bag (return to your base to store items),,
Loot.Empty,No loot yet.,,
Loot.PickUp,Pick Up,,
Loot.InventoryFull,Your inventory is full. You can carry up to {capacity:int} items in total. Clear some space first.,,capacity=12
Loot.BagFull,Your loot bag is full. Return to your base to store your items.,,
Loot.Deposited,Loot stored: {count:int},,count=3
Loot.DepositFull,Your inventory is full. Remaining items stay in your loot bag.,,
Rebirth.Confirm,Rebirth,,
Rebirth.Progress,Level {level:int} / {required:int},,level=1;required=15
Rebirth.RequiredLevel,Reach level {level:int} to rebirth.,,level=15
Rebirth.Success,Rebirth complete! Your level has reset to 1.,,
